Sector,Drug Name,Date,Weight (kg),Port of Entry,Month
Detroit,Heroin,2009,0.01,Detroit - Battle Creek,January
Detroit,Marijuana,2009,5,Detroit - Battle Creek,January
Detroit,Methamphetamine,2009,72,Detroit - Battle Creek,March
Swanton,Marijuana,2009,0.05,Swanton - Norton,May
Buffalo,Methamphetamine,2009,0.06,Buffalo - Niagara,July
Detroit,Heroin,2009,0.07,Detroit - Battle Creek,July
Swanton,Marijuana,2009,0.08,Swanton - Norton,August
Buffalo,Methamphetamine,2009,0.09,Buffalo - Niagara,September
Detroit,Heroin,2009,0.1,Detroit - Battle Creek,November
Swanton,Marijuana,2009,0.11,Swanton - Norton,November
Buffalo,Methamphetamine,2009,0.12,Buffalo - Niagara,November
Detroit,Heroin,2010,0.13,Detroit - Battle Creek,January
Swanton,Marijuana,2010,2.14,Swanton - Norton,February
Buffalo,Methamphetamine,2010,0.15,Buffalo - Niagara,March
Detroit,Heroin,2010,0.16,Detroit - Grand Rapids,April
Swanton,Marijuana,2010,0.17,Swanton - Norton,May
Buffalo,Methamphetamine,2010,0.18,Buffalo - Niagara,June
Detroit,Heroin,2010,0.19,Detroit - Grand Rapids,July
Swanton,Marijuana,2010,0.2,Swanton - Norton,August
Buffalo,Methamphetamine,2010,1.21,Buffalo - Niagara,September
Detroit,Heroin,2010,0.22,Detroit - Grand Rapids,October
Swanton,Marijuana,2010,0.23,Swanton - Norton,November
Buffalo,Methamphetamine,2010,0.24,Buffalo - Niagara,December
Detroit,Heroin,2011,4.25,Detroit - Grand Rapids,January
Swanton,Marijuana,2011,0.26,Swanton - Norton,February
Buffalo,Methamphetamine,2011,0.27,Buffalo - Niagara,March
Detroit,Heroin,2011,0.28,Detroit - Battle Creek,April
Swanton,Marijuana,2011,0.29,Swanton - Norton,May
Buffalo,Methamphetamine,2011,0.3,Buffalo - Niagara,June
Detroit,Heroin,2011,0.31,Detroit - Battle Creek,July
Swanton,Marijuana,2011,0.32,Swanton - Norton,August
Buffalo,Methamphetamine,2011,0.33,Buffalo - Niagara,September
Detroit,Heroin,2011,0.34,Detroit - Battle Creek,October
Swanton,Marijuana,2011,0.35,Swanton - Norton,November
Buffalo,Methamphetamine,2011,0.36,Buffalo - Niagara,December
