capitalization	earnings	totals	sector	name	alias	controls
73048	33992	9379	Pentagon	Pentagon Unclassified ICAN Transport	PENT-U-ICAN	AC
57408	34694	6317	HQDA	HQDA Enterprise Network - Transport	HEN	AP
3867	2551	960	Mark Center	Mark Center Unclassified Backbone		AR
49763	0	5025	Army	Army Record Information Management System II	ARIMS II	AT
30619	0	2834	Army	Army Data Center Fairfield	ADCF-E	AU
12565	1897	1218	Army	Army Publishing Content Management System	ECMS	CA
21980	5824	1035	Service	Logistics Service Washington Media Division	LSWMDD	CM
1850	5555	2081	Security	COOP Alert System (CAS)  - EANS	EANS	CP
17797	0	4637	Army	Army Record Information Management System I	ARIMS I	DI
23183	17461	4441	Service	Desktop Platform As A Service	DPAS	DM
14463	0	565	Research	Pre-Production Research Environment Program	PREP	IA
5019	2272	228	Coral	Coral Backbone - Transport	CORAL	IP
17783	7775	1217	HQDA	HQDA Classified Enterprise Network	HCEN	IR
7355	2270	374	Pentagon	Pentagon Enterprise Secret Backbone	PSB	MA
6155	1531	203	Mark Center	Mark Center Secret Backbone		MP
8972	6031	2812	Army	Army Data Center Fairfield - Classified	ADCF-CE	PE
19166	767	41	Security	Voice Over Secure IP	VOSIP	PL
3214	2796	489	Pentagon	Pentagon Enterprise Top Secret Backbone	PTSB	SA
33550	5279	2049	Pentagon	Pentagon Yellow Backbone	PYB	SI
